[
	{
		"path": "statuses/filter",
		"params": 
		[
			{
				"default": "",
				"doc": "<p>A comma separated list of user IDs, indicating the users to return statuses for in the stream.</p>",
				"required": false,
				"name": "follow",
				"options": 
				[
					
				]
			},

			{
				"default": "",
				"doc": "<p>Keywords to track. Phrases of keywords are specified by a comma-separated list.</p>",
				"required": false,
				"name": "track",
				"options": 
				[
					
				]
			},

			{
				"default": "",
				"doc": "<p>Specifies a set of bounding boxes to track.</p>",
				"required": false,
				"name": "locations",
				"options": 
				[
					
				]
			},

			{
				"default": "",
				"doc": "<p>Specifies whether messages should be length-delimited.</p>",
				"required": false,
				"name": "delimited",
				"options": 
				[
					
				]
			},

			{
				"default": "",
				"doc": "<p>Specifies whether stall warnings should be delivered.</p>",
				"required": false,
				"name": "stall_warnings",
				"options": 
				[
					
				]
			}
		],

		"doc": "<p>Returns public statuses that match one or more filter predicates. Multiple parameters may be specified which allows most clients to use a single connection to the Streaming API. Both GET and POST requests are supported, but GET requests with too many parameters may cause the request to be rejected for excessive URL length. Use a POST request to avoid long URLs.</p>"
	},

	{
		"path": "statuses/sample",
		"params": 
		[
			{
				"default": "",
				"doc": "<p>Specifies whether messages should be length-delimited.</p>",
				"required": false,
				"name": "delimited",
				"options": 
				[
					
				]
			},

			{
				"default": "",
				"doc": "<p>Specifies whether stall warnings should be delivered.</p>",
				"required": false,
				"name": "stall_warnings",
				"options": 
				[
					
				]
			}
		],

		"doc": "<p>Returns a small random sample of all public statuses. The Tweets returned by the default access level are the same, so if two different clients connect to this endpoint, they will see the same Tweets.</p>"
	},

	{
		"path": "statuses/firehose",
		"params": 
		[
			{
				"default": "",
				"doc": "<p>The number of messages to backfill.</p>",
				"required": false,
				"name": "count",
				"options": 
				[
					
				]
			},

			{
				"default": "",
				"doc": "<p>Specifies whether messages should be length-delimited.</p>",
				"required": false,
				"name": "delimited",
				"options": 
				[
					
				]
			},

			{
				"default": "",
				"doc": "<p>Specifies whether stall warnings should be delivered.</p>",
				"required": false,
				"name": "stall_warnings",
				"options": 
				[
					
				]
			}
		],

		"doc": "<p>Returns all public statuses. Few applications require this level of access. Creative use of a combination of other resources and various access levels can satisfy nearly every application use case.</p>"
	}
]