[
	{
		"path": "statuses/mentions_timeline",
		"params": 
		[
			{
				"default": "",
				"doc": "<p>Specifies the number of tweets to try and retrieve, up to a maximum of 200. The value of count is best thought of as a limit to the number of tweets to return because suspended or deleted content is removed after the count has been applied. We include retweets in the count, even if include_rts is not supplied. It is recommended you always send include_rts=1 when using this API method.</p>",
				"required": false,
				"name": "count",
				"options": 
				[
					
				]
			},

			{
				"default": "",
				"doc": "<p>Returns results with an ID greater than (that is, more recent than) the specified ID. There are limits to the number of Tweets which can be accessed through the API. If the limit of Tweets has occured since the since_id, the since_id will be forced to the oldest ID available.</p>",
				"required": false,
				"name": "since_id",
				"options": 
				[
					
				]
			},

			{
				"default": "",
				"doc": "<p>Returns results with an ID less than (that is, older than) or equal to the specified ID.</p>",
				"required": false,
				"name": "max_id",
				"options": 
				[
					
				]
			},

			{
				"default": "",
				"doc": "<p>When set to either true, t or 1, each tweet returned in a timeline will include a user object including only the status authors numerical ID. Omit this parameter to receive the complete user object.</p>",
				"required": false,
				"name": "trim_user",
				"options": 
				[
					
				]
			},

			{
				"default": "",
				"doc": "<p>This parameter enhances the contributors element of the status response to include the screen_name of the contributor. By default only the user_id of the contributor is included.</p>",
				"required": false,
				"name": "contributor_details",
				"options": 
				[
					
				]
			},

			{
				"default": "",
				"doc": "<p>The entities node will be disincluded when set to false.</p>",
				"required": false,
				"name": "include_entities",
				"options": 
				[
					
				]
			}
		],

		"doc": "<p>Returns the 20 most recent mentions (tweets containing a users's @screen_name) for the authenticating user.The timeline returned is the equivalent of the one seen when you view your mentions on twitter.com.This method can only return up to 800 statuses.This method will include retweets in the JSON response regardless of whether the include_rts parameter is set.</p>"
	},

	{
		"path": "statuses/user_timeline",
		"params": 
		[
			{
				"default": "",
				"doc": "<p>Specifies the number of tweets to try and retrieve, up to a maximum of 200. The value of count is best thought of as a limit to the number of tweets to return because suspended or deleted content is removed after the count has been applied. We include retweets in the count, even if include_rts is not supplied. It is recommended you always send include_rts=1 when using this API method.</p>",
				"required": false,
				"name": "count",
				"options": 
				[
					
				]
			},

			{
				"default": "",
				"doc": "<p>Returns results with an ID greater than (that is, more recent than) the specified ID. There are limits to the number of Tweets which can be accessed through the API. If the limit of Tweets has occured since the since_id, the since_id will be forced to the oldest ID available.</p>",
				"required": false,
				"name": "since_id",
				"options": 
				[
					
				]
			},

			{
				"default": "",
				"doc": "<p>Returns results with an ID less than (that is, older than) or equal to the specified ID.</p>",
				"required": false,
				"name": "max_id",
				"options": 
				[
					
				]
			},

			{
				"default": "",
				"doc": "<p>When set to either true, t or 1, each tweet returned in a timeline will include a user object including only the status authors numerical ID. Omit this parameter to receive the complete user object.</p>",
				"required": false,
				"name": "trim_user",
				"options": 
				[
					
				]
			},

			{
				"default": "",
				"doc": "<p>This parameter will prevent replies from appearing in the returned timeline. Using exclude_replies with the count parameter will mean you will receive up-to count tweets \u00e2\u20ac\u201d this is because the count parameter retrieves that many tweets before filtering out retweets and replies. This parameter is only supported for JSON and XML responses.</p>",
				"required": false,
				"name": "exclude_replies",
				"options": 
				[
					
				]
			},

			{
				"default": "",
				"doc": "<p>This parameter enhances the contributors element of the status response to include the screen_name of the contributor. By default only the user_id of the contributor is included.</p>",
				"required": false,
				"name": "contributor_details",
				"options": 
				[
					
				]
			},

			{
				"default": "",
				"doc": "<p>When set to false, the timeline will strip any native retweets (though they will still count toward both the maximal length of the timeline and the slice selected by the count parameter). Note: If you're using the trim_user parameter in conjunction with include_rts, the retweets will still contain a full user object.</p>",
				"required": false,
				"name": "include_rts",
				"options": 
				[
					
				]
			},

			{
				"default": "",
				"doc": "<p style=\"color:#FF333D\";\">The ID of the user for whom to return results for. Helpful for disambiguating when a valid user ID is also a valid screen name.</p><b>[Mandatory Parameter]</b>",
				"required": true,
				"name": "user_id",
				"options": 
				[
					
				]
			},

			{
				"default": "",
				"doc": "<p style=\"color:#FF333D\";\">The screen name of the user for whom to return results for. Helpful for disambiguating when a valid screen name is also a user ID.</p><b>[Mandatory Parameter]</b>",
				"required": true,
				"name": "screen_name",
				"options": 
				[
					
				]
			}
		],

		"doc": "<p>Returns the 20 most recent statuses posted by the authenticating user. It is also possible to request another user's timeline by using the screen_name or user_id parameter. The other users timeline will only be visible if they are not protected, or if the authenticating user's follow request was accepted by the protected user. The timeline returned is the equivalent of the one seen when you view a user's profile on twitter.com. This method can only return up to 3,200 of a user's most recent statuses. Native retweets of other statuses by the user is included in this total, regardless of whether include_rts is specified when requesting this resource. This method will not include retweets in the XML and JSON responses unless the include_rts parameter is set. The RSS and Atom responses will always include retweets as statuses prefixed with RT, regardless of provided parameters. Always specify either an user_id or screen_name when requesting a user timeline.</p>"
	},

	{
		"path": "statuses/home_timeline",
		"params": 
		[
			{
				"default": "",
				"doc": "<p>Specifies the number of records to retrieve. Must be less than or equal to 200.</p>",
				"required": false,
				"name": "count",
				"options": 
				[
					
				]
			},

			{
				"default": "",
				"doc": "<p>Returns results with an ID less than (that is, older than) or equal to the specified ID.</p>",
				"required": false,
				"name": "max_id",
				"options": 
				[
					
				]
			},

			{
				"default": "",
				"doc": "<p>Returns results with an ID greater than (that is, more recent than) the specified ID. There are limits to the number of Tweets which can be accessed through the API. If the limit of Tweets has occured since the since_id, the since_id will be forced to the oldest ID available.</p>",
				"required": false,
				"name": "since_id",
				"options": 
				[
					
				]
			},

			{
				"default": "",
				"doc": "<p>When set to either true, t or 1, each tweet returned in a timeline will include a user object including only the status authors numerical ID. Omit this parameter to receive the complete user object.</p>",
				"required": false,
				"name": "trim_user",
				"options": 
				[
					
				]
			},

			{
				"default": "",
				"doc": "<p>This parameter will prevent replies from appearing in the returned timeline. Using exclude_replies with the count parameter will mean you will receive up-to count tweets \u00e2\u20ac\u201d this is because the count parameter retrieves that many tweets before filtering out retweets and replies.</p>",
				"required": false,
				"name": "exclude_replies",
				"options": 
				[
					
				]
			},

			{
				"default": "",
				"doc": "<p>This parameter enhances the contributors element of the status response to include the screen_name of the contributor. By default only the user_id of the contributor is included.</p>",
				"required": false,
				"name": "contributor_details",
				"options": 
				[
					
				]
			}
		],

		"doc": "<p>Returns a collection of the most recent Tweets and retweets posted by the authenticating user and the users they follow. The home timeline is central to how most users interact with the Twitter service. Up to 800 Tweets are obtainable on the home timeline. It is more volatile for users that follow many users or follow users who tweet frequently.</p>"
	},

	{
		"path": "statuses/retweets/<id>",
		"params": 
		[
			{
				"default": "<Object ID>",
				"doc": "<p style=\"color:#FF333D\";\">The numerical ID of the desired status.</p><b>[Mandatory Parameter]</b>",
				"required": true,
				"name": "<id>",
				"options": 
				[
					
				]
			},

			{
				"default": "",
				"doc": "<p>Specifies the number of records to retrieve. Must be less than or equal to 100.</p>",
				"required": false,
				"name": "count",
				"options": 
				[
					
				]
			},

			{
				"default": "",
				"doc": "<p>When set to either true, t or 1, each tweet returned in a timeline will include a user object including only the status authors numerical ID. Omit this parameter to receive the complete user object.</p>",
				"required": false,
				"name": "trim_user",
				"options": 
				[
					
				]
			}
		],

		"doc": "<p>Returns up to 100 of the first retweets of a given tweet.</p>"
	},

	{
		"path": "statuses/show/<id>",
		"params": 
		[
			{
				"default": "",
				"doc": "<p style=\"color:#FF333D\";\">The numerical ID of the desired status.</p><b>[Mandatory Parameter]</b>",
				"required": true,
				"name": "id",
				"options": 
				[
					
				]
			},

			{
				"default": "",
				"doc": "<p>When set to either true, t or 1, each tweet returned in a timeline will include a user object including only the status authors numerical ID. Omit this parameter to receive the complete user object.</p>",
				"required": false,
				"name": "trim_user",
				"options": 
				[
					
				]
			},

			{
				"default": "",
				"doc": "<p>When set to either true, t or 1, any Tweets returned that have been retweeted by the authenticating user will include an additional current_user_retweet node, containing the ID of the source status for the retweet.</p>",
				"required": false,
				"name": "include_my_retweet",
				"options": 
				[
					
				]
			},

			{
				"default": "",
				"doc": "<p>The entities node will be disincluded when set to false.</p>",
				"required": false,
				"name": "include_entities",
				"options": 
				[
					
				]
			}
		],

		"doc": "<p>Returns a single status, specified by the id parameter below. The status's author will be returned inline.</p>"
	},

	{
		"path": "statuses/oembed",
		"params": 
		[
			{
				"default": "",
				"doc": "<p>The maximum width in pixels that the embed should be rendered at. This value is constrained to be between 250 and 550 pixels. Note that Twitter does not support the oEmbed maxheight parameter. Tweets are fundamentally text, and are therefore of unpredictable height that cannot be scaled like an image or video. Relatedly, the oEmbed response will not provide a value for height. Implementations that need consistent heights for Tweets should refer to the hide_thread and hide_media parameters below.</p>",
				"required": false,
				"name": "maxwidth",
				"options": 
				[
					
				]
			},

			{
				"default": "",
				"doc": "<p>Specifies whether the embedded Tweet should automatically expand images which were uploaded via POST statuses/update_with_media. When set to either true, t or 1 images will not be expanded. Defaults to false.</p>",
				"required": false,
				"name": "hide_media",
				"options": 
				[
					
				]
			},

			{
				"default": "",
				"doc": "<p>Specifies whether the embedded Tweet should automatically show the original message in the case that the embedded Tweet is a reply. When set to either true, t or 1 the original Tweet will not be shown. Defaults to false.</p>",
				"required": false,
				"name": "hide_thread",
				"options": 
				[
					
				]
			},

			{
				"default": "",
				"doc": "<p>Specifies whether the embedded Tweet HTML should include a 'script' element pointing to widgets.js. In cases where a page already includes widgets.js, setting this value to true will prevent a redundant script element from being included. When set to either true, t or 1 the 'script'element will not be included in the embed HTML, meaning that pages must include a reference to widgets.js manually. Defaults to false.</p>",
				"required": false,
				"name": "omit_script",
				"options": 
				[
					
				]
			},

			{
				"default": "",
				"doc": "<p>Specifies whether the embedded Tweet should be left aligned, right aligned, or centered in the page. Valid values are left, right, center, and none. Defaults to none, meaning no alignment styles are specified for the Tweet.</p>",
				"required": false,
				"name": "align",
				"options": 
				[
					{
						"name": "left"
					},

					{
						"name": "right"
					},

					{
						"name": "center"
					},

					{
						"name": "none"
					}
				]
			},

			{
				"default": "",
				"doc": "<p>A value for the TWT related parameter, as described in Web Intents (https://dev.twitter.com/docs/intents). This value will be forwarded to all Web Intents calls. Example values: twitterapi, twittermedia, twitter.</p>",
				"required": false,
				"name": "related",
				"options": 
				[
					
				]
			},

			{
				"default": "",
				"doc": "<p>Language code for the rendered embed. This will affect the text and localization of the rendered HTML. Example value: fr</p>",
				"required": false,
				"name": "lang",
				"options": 
				[
					
				]
			},

			{
				"default": "",
				"doc": "<p style=\"color:#FF333D\";\">The Tweet/status ID to return embed code for. Example Values: 99530515043983360</p><b>[Mandatory Parameter]</b>",
				"required": true,
				"name": "id",
				"options": 
				[
					
				]
			},

			{
				"default": "",
				"doc": "<p style=\"color:#FF333D\";\">The encoded URL of the Tweet status to be embedded.</p><b>[Mandatory Parameter]</b>",
				"required": true,
				"name": "url",
				"options": 
				[
					
				]
			}
		],

		"doc": "<p>Returns information allowing the creation of an embedded representation of a Tweet on third party sites. See the oEmbed specification (http://oembed.com) for information about the response format. Either the id or url parameters must be specified in a request, it is not necessary to include both. While this endpoint allows a bit of customization for the final appearance of the embedded Tweet, be aware that the appearance of the rendered Tweet may change over time to be consistent with Twitter's Display Guidelines (https://dev.twitter.com/terms/display-guidelines). Do not rely on any class or id parameters to stay constant in the returned markup.</p>"
	},

	{
		"path": "search/tweets",
		"params": 
		[
			{
				"default": "",
				"doc": "<p style=\"color:#FF333D\";\">A UTF-8, URL-encoded search query of 1,000 characters maximum, including operators. Queries may additionally be limited by complexity.Example: @noradio.</p><b>[Mandatory Parameter]</b>",
				"required": true,
				"name": "q",
				"options": 
				[
					
				]
			},

			{
				"default": "",
				"doc": "<p>Returns tweets by users located within a given radius of the given latitude/longitude. The location is preferentially taking from the Geotagging API, but will fall back to their Twitter profile. The parameter value is specified by \"latitude,longitude,radius\", where radius units must be specified as either \"mi\" (miles) or \"km\" (kilometers). Note that you cannot use the near operator via the API to geocode arbitrary locations; however you can use this geocode parameter to search near geocodes directly. A maximum of 1,000 distinct \"sub-regions\" will be considered when using the radius modifier.</p>",
				"required": false,
				"name": "geocode",
				"options": 
				[
					
				]
			},

			{
				"default": "",
				"doc": "<p>Restricts tweets to the given language, given by an ISO 639-1 code. Language detection is best-effort.Example Values: eu</p>",
				"required": false,
				"name": "lang",
				"options": 
				[
					
				]
			},

			{
				"default": "",
				"doc": "<p>Specify the language of the query you are sending (only ja is currently effective). This is intended for language-specific consumers and the default should work in the majority of cases.Example Values: ja</p>",
				"required": false,
				"name": "locale",
				"options": 
				[
					
				]
			},

			{
				"default": "",
				"doc": "<p>Optional. Specifies what type of search results you would prefer to receive. The current default is \"mixed.\" Valid values include: * mixed: Include both popular and real time results in the response. * recent: return only the most recent results in the response * popular: return only the most popular results in the response. Example Values: mixed, recent, popular</p>",
				"required": false,
				"name": "result_type",
				"options": 
				[
					
				]
			},

			{
				"default": "",
				"doc": "<p>The number of tweets to return per page, up to a maximum of 100. Defaults to 15. This was formerly the \"rpp\" parameter in the old Search API. Example Values: 100</p>",
				"required": false,
				"name": "count",
				"options": 
				[
					
				]
			},

			{
				"default": "",
				"doc": "<p>Returns tweets generated before the given date. Date should be formatted as YYYY-MM-DD. Keep in mind that the search index may not go back as far as the date you specify here. Example Values: 2012-09-01</p>",
				"required": false,
				"name": "until",
				"options": 
				[
					
				]
			},

			{
				"default": "",
				"doc": "<p>Returns results with an ID greater than (that is, more recent than) the specified ID. There are limits to the number of Tweets which can be accessed through the API. If the limit of Tweets has occured since the since_id, the since_id will be forced to the oldest ID available. Example Values: 12345</p>",
				"required": false,
				"name": "since_id",
				"options": 
				[
					
				]
			},

			{
				"default": "",
				"doc": "<p>Returns results with an ID greater than (that is, more recent than) the specified ID. There are limits to the number of Tweets which can be accessed through the API. If the limit of Tweets has occured since the since_id, the since_id will be forced to the oldest ID available. Example Values: 12345</p>",
				"required": false,
				"name": "since_id",
				"options": 
				[
					
				]
			},

			{
				"default": "",
				"doc": "<p>Returns results with an ID less than (that is, older than) or equal to the specified ID. Example Values: 12345</p>",
				"required": false,
				"name": "max_id",
				"options": 
				[
					
				]
			},

			{
				"default": "",
				"doc": "<p>The entities node will be disincluded when set to false. Example Values: false</p>",
				"required": false,
				"name": "include_entities",
				"options": 
				[
					
				]
			},

			{
				"default": "",
				"doc": "<p>If supplied, the response will use the JSONP format with a callback of the given name. The usefulness of this parameter is somewhat diminished by the requirement of authentication for requests to this endpoint. Example Values: processTweets</p>",
				"required": false,
				"name": "callback",
				"options": 
				[
					
				]
			}
		],

		"doc": "<p>Returns a collection of relevant Tweets matching a specified query. Please note that Twitter's search service and, by extension, the Search API is not meant to be an exhaustive source of Tweets. Not all Tweets will be indexed or made available via the search interface. In API v1.1, the response format of the Search API has been improved to return Tweet objects more similar to the objects you'll find across the REST API and platform. You may need to tolerate some inconsistencies and variance in perspectival values (fields that pertain to the perspective of the authenticating user) and embedded user objects.</p>"
	},

	{
		"path": "help/configuration",
		"params": 
		[
			
		],

		"doc": "<p>Returns the current configuration used by Twitter including twitter.com slugs which are not usernames, maximum photo resolutions, and t.co URL lengths. It is recommended applications request this endpoint when they are loaded, but no more than once a day.</p>"
	},

	{
		"path": "help/languages",
		"params": 
		[
			
		],

		"doc": "<p>Returns the list of languages supported by Twitter along with their ISO 639-1 code. The ISO 639-1 code is the two letter value to use if you include lang with any of your requests.</p>"
	},

	{
		"path": "help/privacy",
		"params": 
		[
			
		],

		"doc": "<p>Returns Twitter's Privacy Policy</p>"
	},

	{
		"path": "help/tos",
		"params": 
		[
			
		],

		"doc": "<p>Returns the Twitter Terms of Service in the requested format. These are not the same as the Developer Rules of the Road.</p>"
	},

	{
		"path": "application/rate_limit_status",
		"params": 
		[
			{
				"default": "",
				"doc": "<p>A comma-separated list of resource families you want to know the current rate limit disposition for. For best performance, only specify the resource families pertinent to your application.Example Values: statuses,friends,trends,help</p>",
				"required": false,
				"name": "resources",
				"options": 
				[
					
				]
			}
		],

		"doc": "<p>Returns the current rate limits for methods belonging to the specified resource families. Each 1.1 API resource belongs to a \"resource family\" which is indicated in its method documentation. You can typically determine a method's resource family from the first component of the path after the resource version. This method responds with a map of methods belonging to the families specified by the resources parameter, the current remaining uses for each of those resources within the current rate limiting window, and its expiration time in epoch time. It also includes a rate_limit_context field that indicates the current access token context. You may also issue requests to this method without any parameters to receive a map of all rate limited GET methods. If your application only uses a few of methods, please explicitly provide a resources parameter with the specified resource families you work with.</p>"
	},

	{
		"path": "trends/place",
		"params": 
		[
			{
				"default": "",
				"doc": "<p style=\"color:#FF333D\";\">The Yahoo! Where On Earth ID of the location to return trending information for. Global information is available by using 1 as the WOEID.</p><b>[Mandatory Parameter]</b>",
				"required": true,
				"name": "id",
				"options": 
				[
					
				]
			},

			{
				"default": "",
				"doc": "<p>Setting this equal to hashtags will remove all hashtags from the trends list.</p>",
				"required": false,
				"name": "exclude",
				"options": 
				[
					
				]
			}
		],

		"doc": "<p>Returns the top 10 trending topics for a specific WOEID, if trending information is available for it. The response is an array of \"trend\" objects that encode the name of the trending topic, the query parameter that can be used to search for the topic on Twitter Search, and the Twitter Search URL. This information is cached for 5 minutes. Requesting more frequently than that will not return any more data, and will count against your rate limit usage.</p>"
	},

	{
		"path": "trends/available",
		"params": 
		[
			
		],

		"doc": "<p>Returns the locations that Twitter has trending topic information for. The response is an array of \"locations\" that encode the location's WOEID and some other human-readable information such as a canonical name and country the location belongs in. A WOEID is a Yahoo! Where On Earth ID.</p>"
	},

	{
		"path": "trends/closest",
		"params": 
		[
			{
				"default": "",
				"doc": "<p>If provided with a long parameter the available trend locations will be sorted by distance, nearest to furthest, to the co-ordinate pair. The valid ranges for longitude is -180.0 to +180.0 (West is negative, East is positive) inclusive. Example Values: 37.781157</p>",
				"required": false,
				"name": "lat",
				"options": 
				[
					
				]
			},

			{
				"default": "",
				"doc": "<p>If provided with a lat parameter the available trend locations will be sorted by distance, nearest to furthest, to the co-ordinate pair. The valid ranges for longitude is -180.0 to +180.0 (West is negative, East is positive) inclusive. Example Values: -122.400612831116</p>",
				"required": false,
				"name": "long",
				"options": 
				[
					
				]
			}
		],

		"doc": "<p>Returns the locations that Twitter has trending topic information for, closest to a specified location. The response is an array of \"locations\" that encode the location's WOEID and some other human-readable information such as a canonical name and country the location belongs in. A WOEID is a Yahoo! Where On Earth ID.</p>"
	},

	{
		"path": "geo/id/<place_id>",
		"params": 
		[
			{
				"default": "<Object ID>",
				"doc": "<p style=\"color:#FF333D\";\">A place in the world. These IDs can be retrieved from geo/reverse_geocode. Example Values: df51dec6f4ee2b2c</p><b>[Mandatory Parameter]</b>",
				"required": true,
				"name": "<place_id>",
				"options": 
				[
					
				]
			}
		],

		"doc": "<p>Returns all the information about a known place.Example Values: df51dec6f4ee2b2c</p>"
	},

	{
		"path": "geo/reverse_geocode",
		"params": 
		[
			{
				"default": "",
				"doc": "<p style=\"color:#FF333D\";\">The latitude to search around. This parameter will be ignored unless it is inside the range -90.0 to +90.0 (North is positive) inclusive. It will also be ignored if there isn't a corresponding long parameter. Example Values: 37.7821120598956</p><b>[Mandatory Parameter]</b>",
				"required": true,
				"name": "lat",
				"options": 
				[
					
				]
			},

			{
				"default": "",
				"doc": "<p style=\"color:#FF333D\";\">The longitude to search around. The valid ranges for longitude is -180.0 to +180.0 (East is positive) inclusive. This parameter will be ignored if outside that range, if it is not a number, if geo_enabled is disabled, or if there not a corresponding lat parameter. Example Values: -122.400612831116</p><b>[Mandatory Parameter]</b>",
				"required": true,
				"name": "long",
				"options": 
				[
					
				]
			},

			{
				"default": "",
				"doc": "<p>A hint on the \"region\" in which to search. If a number, then this is a radius in meters, but it can also take a string that is suffixed with ft to specify feet. If this is not passed in, then it is assumed to be 0m. If coming from a device, in practice, this value is whatever accuracy the device has measuring its location (whether it be coming from a GPS, WiFi triangulation, etc.). Example Values: 5ft</p>",
				"required": false,
				"name": "accuracy",
				"options": 
				[
					
				]
			},

			{
				"default": "",
				"doc": "<p>This is the minimal granularity of place types to return and must be one of: poi, neighborhood, city, admin or country. If no granularity is provided for the request neighborhood is assumed. Setting this to city, for example, will find places which have a type of city, admin or country. Example Values: city</p>",
				"required": false,
				"name": "granularity",
				"options": 
				[
					
				]
			},

			{
				"default": "",
				"doc": "<p>A hint as to the number of results to return. This does not guarantee that the number of results returned will equal max_results, but instead informs how many \"nearby\" results to return. Ideally, only pass in the number of places you intend to display to the user here. Example Values: 3</p>",
				"required": false,
				"name": "max_results",
				"options": 
				[
					
				]
			},

			{
				"default": "",
				"doc": "<p>If supplied, the response will use the JSONP format with a callback of the given name.</p>",
				"required": false,
				"name": "callback",
				"options": 
				[
					
				]
			}
		],

		"doc": "<p>Given a latitude and a longitude, searches for up to 20 places that can be used as a place_id when updating a status. This request is an informative call and will deliver generalized results about geography</p>"
	},

	{
		"path": "geo/search",
		"params": 
		[
			{
				"default": "",
				"doc": "<p>A hint on the \"region\" in which to search. If a number, then this is a radius in meters, but it can also take a string that is suffixed with ft to specify feet. If this is not passed in, then it is assumed to be 0m. If coming from a device, in practice, this value is whatever accuracy the device has measuring its location (whether it be coming from a GPS, WiFi triangulation, etc.). Example Values: 5ft</p>",
				"required": false,
				"name": "accuracy",
				"options": 
				[
					
				]
			},

			{
				"default": "",
				"doc": "<p>This is the minimal granularity of place types to return and must be one of: poi, neighborhood, city, admin or country. If no granularity is provided for the request neighborhood is assumed. Setting this to city, for example, will find places which have a type of city, admin or country. Example Values: city</p>",
				"required": false,
				"name": "granularity",
				"options": 
				[
					
				]
			},

			{
				"default": "",
				"doc": "<p>This is the place_id which you would like to restrict the search results to. Setting this value means only places within the given place_id will be found. Specify a place_id. For example, to scope all results to places within \"San Francisco, CA USA\", you would specify a place_id of \"5a110d312052166f\" Example Values: 247f43d441defc03</p>",
				"required": false,
				"name": "contained_within",
				"options": 
				[
					
				]
			},

			{
				"default": "",
				"doc": "<p>This parameter searches for places which have this given street address. There are other well-known, and application specific attributes available. Custom attributes are also permitted. Learn more about Place Attributes. Example Values: 795%20Folsom%20St</p>",
				"required": false,
				"name": "attribute:street_address",
				"options": 
				[
					
				]
			},

			{
				"default": "",
				"doc": "<p>If supplied, the response will use the JSONP format with a callback of the given name.</p>",
				"required": false,
				"name": "callback",
				"options": 
				[
					
				]
			},

			{
				"default": "",
				"doc": "<p style=\"color:#FF333D\";\">The latitude to search around. This parameter will be ignored unless it is inside the range -90.0 to +90.0 (North is positive) inclusive. It will also be ignored if there isn't a corresponding long parameter. Example Values: 37.7821120598956</p><b>[Mandatory Parameter]</b>",
				"required": true,
				"name": "lat",
				"options": 
				[
					
				]
			},

			{
				"default": "",
				"doc": "<p style=\"color:#FF333D\";\">The longitude to search around. The valid ranges for longitude is -180.0 to +180.0 (East is positive) inclusive. This parameter will be ignored if outside that range, if it is not a number, if geo_enabled is disabled, or if there not a corresponding lat parameter. Example Values: -122.400612831116</p><b>[Mandatory Parameter]</b>",
				"required": true,
				"name": "long",
				"options": 
				[
					
				]
			},

			{
				"default": "",
				"doc": "<p style=\"color:#FF333D\";\">Free-form text to match against while executing a geo-based query, best suited for finding nearby locations by name. Remember to URL encode the query. Example Values: Twitter%20HQ</p><b>[Mandatory Parameter]</b>",
				"required": true,
				"name": "query",
				"options": 
				[
					
				]
			},

			{
				"default": "",
				"doc": "<p style=\"color:#FF333D\";\">An IP address. Used when attempting to fix geolocation based off of the user's IP address. Example Values: 74.125.19.104</p><b>[Mandatory Parameter]</b>",
				"required": true,
				"name": "ip",
				"options": 
				[
					
				]
			}
		],

		"doc": "<p>Search for places that can be attached to a statuses/update. Given a latitude and a longitude pair, an IP address, or a name, this request will return a list of all the valid places that can be used as the place_id when updating a status. Conceptually, a query can be made from the user's location, retrieve a list of places, have the user validate the location he or she is at, and then send the ID of this location with a call to POST statuses/update. This is the recommended method to use find places that can be attached to statuses/update. Unlike GET geo/reverse_geocode which provides raw data access, this endpoint can potentially re-order places with regards to the user who is authenticated. This approach is also preferred for interactive place matching with the user.</p>"
	},

	{
		"path": "geo/similar_places",
		"params": 
		[
			{
				"default": "",
				"doc": "<p>This is the place_id which you would like to restrict the search results to. Setting this value means only places within the given place_id will be found. Specify a place_id. For example, to scope all results to places within \"San Francisco, CA USA\", you would specify a place_id of \"5a110d312052166f\" Example Values: 247f43d441defc03</p>",
				"required": false,
				"name": "contained_within",
				"options": 
				[
					
				]
			},

			{
				"default": "",
				"doc": "<p>This parameter searches for places which have this given street address. There are other well-known, and application specific attributes available. Custom attributes are also permitted. Learn more about Place Attributes. Example Values: 795%20Folsom%20St</p>",
				"required": false,
				"name": "attribute:street_address",
				"options": 
				[
					
				]
			},

			{
				"default": "",
				"doc": "<p>If supplied, the response will use the JSONP format with a callback of the given name.</p>",
				"required": false,
				"name": "callback",
				"options": 
				[
					
				]
			},

			{
				"default": "",
				"doc": "<p style=\"color:#FF333D\";\">The latitude to search around. This parameter will be ignored unless it is inside the range -90.0 to +90.0 (North is positive) inclusive. It will also be ignored if there isn't a corresponding long parameter. Example Values: 37.7821120598956</p><b>[Mandatory Parameter]</b>",
				"required": true,
				"name": "lat",
				"options": 
				[
					
				]
			},

			{
				"default": "",
				"doc": "<p style=\"color:#FF333D\";\">The longitude to search around. The valid ranges for longitude is -180.0 to +180.0 (East is positive) inclusive. This parameter will be ignored if outside that range, if it is not a number, if geo_enabled is disabled, or if there not a corresponding lat parameter. Example Values: -122.400612831116</p><b>[Mandatory Parameter]</b>",
				"required": true,
				"name": "long",
				"options": 
				[
					
				]
			},

			{
				"default": "",
				"doc": "<p style=\"color:#FF333D\";\">The name a place is known as.Example Values: Twitter%20HQ</p><b>[Mandatory Parameter]</b>",
				"required": true,
				"name": "name",
				"options": 
				[
					
				]
			}
		],

		"doc": "<p>Locates places near the given coordinates which are similar in name. Conceptually you would use this method to get a list of known places to choose from first. Then, if the desired place doesn't exist, make a request to POST geo/place to create a new one. The token contained in the response is the token needed to be able to create a new place.</p>"
	},

	{
		"path": "saved_searches/list",
		"params": 
		[
			
		],

		"doc": "<p>Returns the authenticated user's saved search queries.</p>"
	},

	{
		"path": "saved_searches/show/<id>",
		"params": 
		[
			{
				"default": "<Object ID>",
				"doc": "<p style=\"color:#FF333D\";\">The ID of the saved search. Example Values: 313006</p><b>[Mandatory Parameter]</b>",
				"required": true,
				"name": "<id>",
				"options": 
				[
					
				]
			}
		],

		"doc": "<p>Returns the authenticated user's saved search queries.</p>"
	},

	{
		"path": "favorites/list",
		"params": 
		[
			{
				"default": "",
				"doc": "<p>Specifies the number of records to retrieve. Must be less than or equal to 200. Defaults to 20. Example Values: 5</p>",
				"required": false,
				"name": "count",
				"options": 
				[
					
				]
			},

			{
				"default": "",
				"doc": "<p>Returns results with an ID greater than (that is, more recent than) the specified ID. There are limits to the number of Tweets which can be accessed through the API. If the limit of Tweets has occured since the since_id, the since_id will be forced to the oldest ID available. Example Values: 12345</p>",
				"required": false,
				"name": "since_id",
				"options": 
				[
					
				]
			},

			{
				"default": "",
				"doc": "<p>Returns results with an ID less than (that is, older than) or equal to the specified ID. Example Values: 54321</p>",
				"required": false,
				"name": "max_id",
				"options": 
				[
					
				]
			},

			{
				"default": "",
				"doc": "<p>The entities node will be omitted when set to false. Example Values: false</p>",
				"required": false,
				"name": "include_entities",
				"options": 
				[
					
				]
			},

			{
				"default": "",
				"doc": "<p style=\"color:#FF333D\";\">The screen name of the user for whom to return results for.</p><b>[Mandatory Parameter]</b>",
				"required": true,
				"name": "screen_name",
				"options": 
				[
					
				]
			},

			{
				"default": "",
				"doc": "<p style=\"color:#FF333D\";\">The ID of the user for whom to return results for.</p><b>[Mandatory Parameter]</b>",
				"required": true,
				"name": "user_id",
				"options": 
				[
					
				]
			}
		],

		"doc": "<p>Returns the 20 most recent Tweets favorited by the authenticating or specified user.</p>"
	},

	{
		"path": "users/suggestions/<slug>",
		"params": 
		[
			{
				"default": "<Object ID>",
				"doc": "<p style=\"color:#FF333D\";\">The short name of list or a category Example Values: twitter</p><b>[Mandatory Parameter]</b>",
				"required": true,
				"name": "<slug>",
				"options": 
				[
					
				]
			},

			{
				"default": "",
				"doc": "<p>Restricts the suggested categories to the requested language. The language must be specified by the appropriate two letter ISO 639-1 representation. Currently supported languages are provided by the GET help/languages API request. Unsupported language codes will receive English (en) results. If you use lang in this request, ensure you also include it when requesting the GET users/suggestions/:slug list.</p>",
				"required": false,
				"name": "lang",
				"options": 
				[
					
				]
			}
		],

		"doc": "<p>Access the users in a given category of the Twitter suggested user list. It is recommended that applications cache this data for no more than one hour.</p>"
	},

	{
		"path": "users/suggestions",
		"params": 
		[
			{
				"default": "",
				"doc": "<p>Restricts the suggested categories to the requested language. The language must be specified by the appropriate two letter ISO 639-1 representation. Currently supported languages are provided by the GET help/languages API request. Unsupported language codes will receive English (en) results. If you use lang in this request, ensure you also include it when requesting the GET users/suggestions/:slug list.</p>",
				"required": false,
				"name": "lang",
				"options": 
				[
					
				]
			}
		],

		"doc": "<p>Access to Twitter's suggested user list. This returns the list of suggested user categories. The category can be used in GET users/suggestions/:slug to get the users in that category.</p>"
	},

	{
		"path": "users/suggestions/<slug>/members",
		"params": 
		[
			{
				"default": "<Object ID>",
				"doc": "<p style=\"color:#FF333D\";\">The short name of list or a category Example Values: twitter</p><b>[Mandatory Parameter]</b>",
				"required": true,
				"name": "<slug>",
				"options": 
				[
					
				]
			}
		],

		"doc": "<p>Access the users in a given category of the Twitter suggested user list and return their most recent status if they are not a protected user.</p>"
	},

	{
		"path": "direct_messages",
		"params": 
		[
			{
				"default": "",
				"doc": "<p>Specifies the number of direct messages to try and retrieve, up to a maximum of 200. The value of count is best thought of as a limit to the number of Tweets to return because suspended or deleted content is removed after the count has been applied. Example Values: 5</p>",
				"required": false,
				"name": "count",
				"options": 
				[
					
				]
			},

			{
				"default": "",
				"doc": "<p>Returns results with an ID greater than (that is, more recent than) the specified ID. There are limits to the number of Tweets which can be accessed through the API. If the limit of Tweets has occured since the since_id, the since_id will be forced to the oldest ID available. Example Values: 12345</p>",
				"required": false,
				"name": "since_id",
				"options": 
				[
					
				]
			},

			{
				"default": "",
				"doc": "<p>Returns results with an ID less than (that is, older than) or equal to the specified ID. Example Values: 54321</p>",
				"required": false,
				"name": "max_id",
				"options": 
				[
					
				]
			},

			{
				"default": "",
				"doc": "<p>The entities node will not be included when set to false. Example Values: false</p>",
				"required": false,
				"name": "include_entities",
				"options": 
				[
					
				]
			},

			{
				"default": "",
				"doc": "<p>Specifies the page of results to retrieve. Example Values: 3</p>",
				"required": false,
				"name": "page",
				"options": 
				[
					
				]
			},

			{
				"default": "",
				"doc": "<p>When set to either true, t or 1 statuses will not be included in the returned user objects.</p>",
				"required": false,
				"name": "skip_status",
				"options": 
				[
					
				]
			}
		],

		"doc": "<p>Returns the 20 most recent direct messages sent to the authenticating user. Includes detailed information about the sender and recipient user. You can request up to 200 direct messages per call, up to a maximum of 800 incoming DMs. Important: This method requires an access token with RWD (read, write and direct message) permissions. Consult The Application Permission Model for more information.</p>"
	},

	{
		"path": "direct_messages/sent",
		"params": 
		[
			{
				"default": "",
				"doc": "<p>Specifies the number of direct messages to try and retrieve, up to a maximum of 200. The value of count is best thought of as a limit to the number of Tweets to return because suspended or deleted content is removed after the count has been applied. Example Values: 5</p>",
				"required": false,
				"name": "count",
				"options": 
				[
					
				]
			},

			{
				"default": "",
				"doc": "<p>Returns results with an ID greater than (that is, more recent than) the specified ID. There are limits to the number of Tweets which can be accessed through the API. If the limit of Tweets has occured since the since_id, the since_id will be forced to the oldest ID available. Example Values: 12345</p>",
				"required": false,
				"name": "since_id",
				"options": 
				[
					
				]
			},

			{
				"default": "",
				"doc": "<p>Returns results with an ID less than (that is, older than) or equal to the specified ID. Example Values: 54321</p>",
				"required": false,
				"name": "max_id",
				"options": 
				[
					
				]
			},

			{
				"default": "",
				"doc": "<p>The entities node will not be included when set to false. Example Values: false</p>",
				"required": false,
				"name": "include_entities",
				"options": 
				[
					
				]
			},

			{
				"default": "",
				"doc": "<p>Specifies the page of results to retrieve. Example Values: 3</p>",
				"required": false,
				"name": "page",
				"options": 
				[
					
				]
			}
		],

		"doc": "<p>Returns the 20 most recent direct messages sent by the authenticating user. Includes detailed information about the sender and recipient user. You can request up to 200 direct messages per call, up to a maximum of 800 outgoing DMs. Important: This method requires an access token with RWD (read, write and direct message) permissions. Consult The Application Permission Model for more information.</p>"
	},

	{
		"path": "direct_messages/show",
		"params": 
		[
			{
				"default": "",
				"doc": "<p style=\"color:#FF333D\";\">The ID of the direct message. Example Values: 587424932</p><b>[Mandatory Parameter]</b>",
				"required": true,
				"name": "id",
				"options": 
				[
					
				]
			}
		],

		"doc": "<p>Returns a single direct message, specified by an id parameter. Like the /1.1/direct_messages.format request, this method will include the user objects of the sender and recipient. Important: This method requires an access token with RWD (read, write and direct message) permissions. Consult The Application Permission Model for more information.</p>"
	},

	{
		"path": "friends/ids",
		"params": 
		[
			{
				"default": "",
				"doc": "<p>Many programming environments will not consume our Tweet ids due to their size. Provide this option to have ids returned as strings instead. Example Values: true</p>",
				"required": false,
				"name": "stringify_ids",
				"options": 
				[
					
				]
			},

			{
				"default": "",
				"doc": "<p>Causes the list of connections to be broken into pages of no more than 5000 IDs at a time. The number of IDs returned is not guaranteed to be 5000 as suspended users are filtered out after connections are queried. If no cursor is provided, a value of -1 will be assumed, which is the first \"page.\" The response from the API will include a previous_cursor and next_cursor to allow paging back and forth.Example Values: 12893764510938</p>",
				"required": false,
				"name": "cursor",
				"options": 
				[
					
				]
			},

			{
				"default": "",
				"doc": "<p style=\"color:#FF333D\";\">The screen name of the user for whom to return results for.</p><b>[Mandatory Parameter]</b>",
				"required": true,
				"name": "screen_name",
				"options": 
				[
					
				]
			},

			{
				"default": "",
				"doc": "<p style=\"color:#FF333D\";\">The ID of the user for whom to return results for.</p><b>[Mandatory Parameter]</b>",
				"required": true,
				"name": "user_id",
				"options": 
				[
					
				]
			}
		],

		"doc": "<p>Returns a cursored collection of user IDs for every user the specified user is following (otherwise known as their \"friends\"). At this time, results are ordered with the most recent following first \u00e2\u20ac\u201d however, this ordering is subject to unannounced change and eventual consistency issues. Results are given in groups of 5,000 user IDs and multiple \"pages\" of results can be navigated through using the next_cursor value in subsequent requests. See Using cursors to navigate collections for more information. This method is especially powerful when used in conjunction with GET users/lookup, a method that allows you to convert user IDs into full user objects in bulk.</p>"
	},

	{
		"path": "followers/ids",
		"params": 
		[
			{
				"default": "",
				"doc": "<p>Many programming environments will not consume our Tweet ids due to their size. Provide this option to have ids returned as strings instead. Example Values: true</p>",
				"required": false,
				"name": "stringify_ids",
				"options": 
				[
					
				]
			},

			{
				"default": "",
				"doc": "<p>Causes the list of connections to be broken into pages of no more than 5000 IDs at a time. The number of IDs returned is not guaranteed to be 5000 as suspended users are filtered out after connections are queried. If no cursor is provided, a value of -1 will be assumed, which is the first \"page.\" The response from the API will include a previous_cursor and next_cursor to allow paging back and forth.Example Values: 12893764510938</p>",
				"required": false,
				"name": "cursor",
				"options": 
				[
					
				]
			},

			{
				"default": "",
				"doc": "<p style=\"color:#FF333D\";\">The screen name of the user for whom to return results for.</p><b>[Mandatory Parameter]</b>",
				"required": true,
				"name": "screen_name",
				"options": 
				[
					
				]
			},

			{
				"default": "",
				"doc": "<p style=\"color:#FF333D\";\">The ID of the user for whom to return results for.</p><b>[Mandatory Parameter]</b>",
				"required": true,
				"name": "user_id",
				"options": 
				[
					
				]
			}
		],

		"doc": "<p>Returns a cursored collection of user IDs for every user following the specified user. At this time, results are ordered with the most recent following first \u00e2\u20ac\u201d however, this ordering is subject to unannounced change and eventual consistency issues. Results are given in groups of 5,000 user IDs and multiple \"pages\" of results can be navigated through using the next_cursor value in subsequent requests. See Using cursors to navigate collections for more information. This method is especially powerful when used in conjunction with GET users/lookup, a method that allows you to convert user IDs into full user objects in bulk.</p>"
	},

	{
		"path": "friendships/lookup",
		"params": 
		[
			{
				"default": "",
				"doc": "<p style=\"color:#FF333D\";\">A comma separated list of screen names, up to 100 are allowed in a single request.Example Values: twitterapi,twitter</p><b>[Mandatory Parameter]</b>",
				"required": true,
				"name": "screen_name",
				"options": 
				[
					
				]
			},

			{
				"default": "",
				"doc": "<p style=\"color:#FF333D\";\">A comma separated list of user IDs, up to 100 are allowed in a single request.Example Values: 783214,6253282</p><b>[Mandatory Parameter]</b>",
				"required": true,
				"name": "user_id",
				"options": 
				[
					
				]
			}
		],

		"doc": "<p>Returns the relationships of the authenticating user to the comma-separated list of up to 100 screen_names or user_ids provided. Values for connections can be: following, following_requested, followed_by, none.</p>"
	},

	{
		"path": "friendships/incoming",
		"params": 
		[
			{
				"default": "",
				"doc": "<p>Many programming environments will not consume our Tweet ids due to their size. Provide this option to have ids returned as strings instead. Example Values: true</p>",
				"required": false,
				"name": "stringify_ids",
				"options": 
				[
					
				]
			},

			{
				"default": "",
				"doc": "<p>Causes the list of connections to be broken into pages of no more than 5000 IDs at a time. The number of IDs returned is not guaranteed to be 5000 as suspended users are filtered out after connections are queried. If no cursor is provided, a value of -1 will be assumed, which is the first \"page.\" The response from the API will include a previous_cursor and next_cursor to allow paging back and forth.Example Values: 12893764510938</p>",
				"required": false,
				"name": "cursor",
				"options": 
				[
					
				]
			}
		],

		"doc": "<p>Returns the relationships of the authenticating user to the comma-separated list of up to 100 screen_names or user_ids provided. Values for connections can be: following, following_requested, followed_by, none.</p>"
	},

	{
		"path": "friendships/outgoing",
		"params": 
		[
			{
				"default": "",
				"doc": "<p>Many programming environments will not consume our Tweet ids due to their size. Provide this option to have ids returned as strings instead. Example Values: true</p>",
				"required": false,
				"name": "stringify_ids",
				"options": 
				[
					
				]
			},

			{
				"default": "",
				"doc": "<p>Causes the list of connections to be broken into pages of no more than 5000 IDs at a time. The number of IDs returned is not guaranteed to be 5000 as suspended users are filtered out after connections are queried. If no cursor is provided, a value of -1 will be assumed, which is the first \"page.\" The response from the API will include a previous_cursor and next_cursor to allow paging back and forth.Example Values: 12893764510938</p>",
				"required": false,
				"name": "cursor",
				"options": 
				[
					
				]
			}
		],

		"doc": "<p>Returns a collection of numeric IDs for every protected user for whom the authenticating user has a pending follow request.</p>"
	},

	{
		"path": "friendships/show",
		"params": 
		[
			{
				"default": "",
				"doc": "<p>The user_id of the subject user. Example Values: 3191321</p>",
				"required": false,
				"name": "source_id",
				"options": 
				[
					
				]
			},

			{
				"default": "",
				"doc": "<p>The screen_name of the subject user. Example Values: raffi</p>",
				"required": false,
				"name": "source_screen_name",
				"options": 
				[
					
				]
			},

			{
				"default": "",
				"doc": "<p style=\"color:#FF333D\";\">The user_id of the target user. Example Values: 20</p><b>[Mandatory Parameter]</b>",
				"required": true,
				"name": "target_id",
				"options": 
				[
					
				]
			},

			{
				"default": "",
				"doc": "<p style=\"color:#FF333D\";\">The screen_name of the target user. Example Values: noradio</p><b>[Mandatory Parameter]</b>",
				"required": true,
				"name": "target_screen_name",
				"options": 
				[
					
				]
			}
		],

		"doc": "<p>Returns detailed information about the relationship between two arbitrary users.</p>"
	},

	{
		"path": "account/settings",
		"params": 
		[
			
		],

		"doc": "<p>Returns settings (including current trend, geo and sleep time information) for the authenticating user.</p>"
	},

	{
		"path": "blocks/list",
		"params": 
		[
			{
				"default": "",
				"doc": "<p>The entities node will not be included when set to false. Example Values: false</p>",
				"required": false,
				"name": "include_entities",
				"options": 
				[
					
				]
			},

			{
				"default": "",
				"doc": "<p>When set to either true, t or 1 statuses will not be included in the returned user objects.</p>",
				"required": false,
				"name": "skip_status",
				"options": 
				[
					
				]
			},

			{
				"default": "",
				"doc": "<p>Causes the list of blocked users to be broken into pages of no more than 5000 IDs at a time. The number of IDs returned is not guaranteed to be 5000 as suspended users are filtered out after connections are queried. If no cursor is provided, a value of -1 will be assumed, which is the first \"page.\" The response from the API will include a previous_cursor and next_cursor to allow paging back and forth. See Using cursors to navigate collections for more information. Example Values: 12893764510938</p>",
				"required": false,
				"name": "cursor",
				"options": 
				[
					
				]
			}
		],

		"doc": "<p>Allows one to enable or disable retweets and device notifications from the specified user.</p>"
	},

	{
		"path": "blocks/ids",
		"params": 
		[
			{
				"default": "",
				"doc": "<p>Many programming environments will not consume our ids due to their size. Provide this option to have ids returned as strings instead. Read more about Twitter IDs, JSON and Snowflake. Example Values: true</p>",
				"required": false,
				"name": "stringify_ids",
				"options": 
				[
					
				]
			},

			{
				"default": "",
				"doc": "<p>Causes the list of blocked users to be broken into pages of no more than 5000 IDs at a time. The number of IDs returned is not guaranteed to be 5000 as suspended users are filtered out after connections are queried. If no cursor is provided, a value of -1 will be assumed, which is the first \"page.\" The response from the API will include a previous_cursor and next_cursor to allow paging back and forth. See Using cursors to navigate collections for more information. Example Values: 12893764510938</p>",
				"required": false,
				"name": "cursor",
				"options": 
				[
					
				]
			}
		],

		"doc": "<p>Returns an array of numeric user ids the authenticating user is blocking.</p>"
	},

	{
		"path": "users/lookup",
		"params": 
		[
			{
				"default": "",
				"doc": "<p>A comma separated list of screen names, up to 100 are allowed in a single request. You are strongly encouraged to use a POST for larger (up to 100 screen names) requests. Example Values: twitterapi,twitter</p>",
				"required": false,
				"name": "screen_name",
				"options": 
				[
					
				]
			},

			{
				"default": "",
				"doc": "<p>A comma separated list of user IDs, up to 100 are allowed in a single request. You are strongly encouraged to use a POST for larger requests. Example Values: 783214,6253282</p>",
				"required": false,
				"name": "user_id",
				"options": 
				[
					
				]
			},

			{
				"default": "",
				"doc": "<p>The entities node that may appear within embedded statuses will be disincluded when set to false. Example Values: false</p>",
				"required": false,
				"name": "include_entities",
				"options": 
				[
					
				]
			}
		],

		"doc": "<p>Returns fully-hydrated user objects for up to 100 users per request, as specified by comma-separated values passed to the user_id and/or screen_name parameters. This method is especially useful when used in conjunction with collections of user IDs returned from GET friends/ids and GET followers/ids. GET users/show is used to retrieve a single user object.</p>"
	},

	{
		"path": "users/show",
		"params": 
		[
			{
				"default": "",
				"doc": "<p style=\"color:#FF333D\";\">The screen name of the user for whom to return results for. Either a id or screen_name is required for this method. Example Values: noradio</p><b>[Mandatory Parameter]</b>",
				"required": true,
				"name": "screen_name",
				"options": 
				[
					
				]
			},

			{
				"default": "",
				"doc": "<p style=\"color:#FF333D\";\">The ID of the user for whom to return results for. Either an id or screen_name is required for this method. Example Values: 12345</p><b>[Mandatory Parameter]</b>",
				"required": true,
				"name": "user_id",
				"options": 
				[
					
				]
			},

			{
				"default": "",
				"doc": "<p>The entities node will be disincluded when set to false. Example Values: false</p>",
				"required": false,
				"name": "include_entities",
				"options": 
				[
					
				]
			}
		],

		"doc": "<p>Returns a variety of information about the user specified by the required user_id or screen_name parameter. The author's most recent Tweet will be returned inline when possible. GET users/lookup is used to retrieve a bulk collection of user objects.</p>"
	},

	{
		"path": "users/search",
		"params": 
		[
			{
				"default": "",
				"doc": "<p style=\"color:#FF333D\";\">The search query to run against people search. Example Values: Twitter%20API</p><b>[Mandatory Parameter]</b>",
				"required": true,
				"name": "q",
				"options": 
				[
					
				]
			},

			{
				"default": "",
				"doc": "<p>Specifies the page of results to retrieve. Example Values: 3</p>",
				"required": false,
				"name": "page",
				"options": 
				[
					
				]
			},

			{
				"default": "",
				"doc": "<p>The number of potential user results to retrieve per page. This value has a maximum of 20. Example Values: 5</p>",
				"required": false,
				"name": "count",
				"options": 
				[
					
				]
			},

			{
				"default": "",
				"doc": "<p>The entities node will be disincluded when set to false. Example Values: false</p>",
				"required": false,
				"name": "include_entities",
				"options": 
				[
					
				]
			}
		],

		"doc": "<p>Provides a simple, relevance-based search interface to public user accounts on Twitter. Try querying by topical interest, full name, company name, location, or other criteria. Exact match searches are not supported. Only the first 1,000 matching results are available.</p>"
	},

	{
		"path": "users/contributees",
		"params": 
		[
			{
				"default": "",
				"doc": "<p>The entities node will be disincluded when set to false. Example Values: false</p>",
				"required": false,
				"name": "include_entities",
				"options": 
				[
					
				]
			},

			{
				"default": "",
				"doc": "<p>When set to either true, t or 1 statuses will not be included in the returned user objects.</p>",
				"required": false,
				"name": "skip_status",
				"options": 
				[
					
				]
			},

			{
				"default": "",
				"doc": "<p style=\"color:#FF333D\";\">The screen name of the user for whom to return results for.</p><b>[Mandatory Parameter]</b>",
				"required": true,
				"name": "screen_name",
				"options": 
				[
					
				]
			},

			{
				"default": "",
				"doc": "<p style=\"color:#FF333D\";\">The ID of the user for whom to return results for. Helpful for disambiguating when a valid user ID is also a valid screen name.</p><b>[Mandatory Parameter]</b>",
				"required": true,
				"name": "user_id",
				"options": 
				[
					
				]
			}
		],

		"doc": "<p>Returns a collection of users that the specified user can contribute to.</p>"
	},

	{
		"path": "users/contributors",
		"params": 
		[
			{
				"default": "",
				"doc": "<p>The entities node will be disincluded when set to false. Example Values: false</p>",
				"required": false,
				"name": "include_entities",
				"options": 
				[
					
				]
			},

			{
				"default": "",
				"doc": "<p>When set to either true, t or 1 statuses will not be included in the returned user objects.</p>",
				"required": false,
				"name": "skip_status",
				"options": 
				[
					
				]
			},

			{
				"default": "",
				"doc": "<p style=\"color:#FF333D\";\">The screen name of the user for whom to return results for.</p><b>[Mandatory Parameter]</b>",
				"required": true,
				"name": "screen_name",
				"options": 
				[
					
				]
			},

			{
				"default": "",
				"doc": "<p style=\"color:#FF333D\";\">The ID of the user for whom to return results for.</p><b>[Mandatory Parameter]</b>",
				"required": true,
				"name": "user_id",
				"options": 
				[
					
				]
			}
		],

		"doc": "<p>Returns a collection of users who can contribute to the specified account.</p>"
	},

	{
		"path": "lists/list",
		"params": 
		[
			{
				"default": "",
				"doc": "<p style=\"color:#FF333D\";\">The screen name of the user for whom to return results for. Helpful for disambiguating when a valid screen name is also a user ID. Example Values: noradio</p><b>[Mandatory Parameter]</b>",
				"required": true,
				"name": "screen_name",
				"options": 
				[
					
				]
			},

			{
				"default": "",
				"doc": "<p style=\"color:#FF333D\";\">The ID of the user for whom to return results for. Helpful for disambiguating when a valid user ID is also a valid screen name. Example Values: 12345 Note:: Specifies the ID of the user to get lists from. Helpful for disambiguating when a valid user ID is also a valid screen name.</p><b>[Mandatory Parameter]</b>",
				"required": true,
				"name": "user_id",
				"options": 
				[
					
				]
			}
		],

		"doc": "<p>Returns all lists the authenticating or specified user subscribes to, including their own. The user is specified using the user_id or screen_name parameters. If no user is given, the authenticating user is used. This method used to be GET lists in version 1.0 of the API and has been renamed for consistency with other call.</p>"
	},

	{
		"path": "lists/statuses",
		"params": 
		[
			{
				"default": "",
				"doc": "<p>The screen name of the user who owns the list being requested by a slug.</p>",
				"required": false,
				"name": "owner_screen_name",
				"options": 
				[
					
				]
			},

			{
				"default": "",
				"doc": "<p>The user ID of the user who owns the list being requested by a slug.</p>",
				"required": false,
				"name": "owner_id",
				"options": 
				[
					
				]
			},

			{
				"default": "",
				"doc": "<p>Returns results with an ID greater than (that is, more recent than) the specified ID. There are limits to the number of Tweets which can be accessed through the API. If the limit of Tweets has occured since the since_id, the since_id will be forced to the oldest ID available.</p>",
				"required": false,
				"name": "since_id",
				"options": 
				[
					
				]
			},

			{
				"default": "",
				"doc": "<p>Returns results with an ID less than (that is, older than) or equal to the specified ID.</p>",
				"required": false,
				"name": "max_id",
				"options": 
				[
					
				]
			},

			{
				"default": "",
				"doc": "<p>Specifies the number of results to retrieve per \"page.</p>",
				"required": false,
				"name": "count",
				"options": 
				[
					
				]
			},

			{
				"default": "",
				"doc": "<p>Entities are ON by default in API 1.1, each tweet includes a node called \"entities\". This node offers a variety of metadata about the tweet in a discreet structure, including: user_mentions, urls, and hashtags. You can omit entities from the result by using include_entities=false</p>",
				"required": false,
				"name": "include_entities",
				"options": 
				[
					
				]
			},

			{
				"default": "",
				"doc": "<p style=\"color:#FF333D\";\">When set to either true, t or 1, the list timeline will contain native retweets (if they exist) in addition to the standard stream of tweets. The output format of retweeted tweets is identical to the representation you see in home_timeline.</p><b>[Mandatory Parameter]</b>",
				"required": true,
				"name": "include_rts",
				"options": 
				[
					
				]
			},

			{
				"default": "",
				"doc": "<p style=\"color:#FF333D\";\">The numerical id of the list.</p><b>[Mandatory Parameter]</b>",
				"required": true,
				"name": "list_id",
				"options": 
				[
					
				]
			},

			{
				"default": "",
				"doc": "<p style=\"color:#FF333D\";\">You can identify a list by its slug instead of its numerical id. If you decide to do so, note that you'll also have to specify the list owner using the owner_id or owner_screen_name parameters.</p><b>[Mandatory Parameter]</b>",
				"required": true,
				"name": "slug",
				"options": 
				[
					
				]
			}
		],

		"doc": "<p>Returns tweet timeline for members of the specified list. Retweets are included by default. You can use the include_rts=false parameter to omit retweet objects.</p>"
	},

	{
		"path": "lists/memberships",
		"params": 
		[
			{
				"default": "",
				"doc": "<p>The ID of the user for whom to return results for. Helpful for disambiguating when a valid user ID is also a valid screen name.</p>",
				"required": false,
				"name": "user_id",
				"options": 
				[
					
				]
			},

			{
				"default": "",
				"doc": "<p>The screen name of the user for whom to return results for. Helpful for disambiguating when a valid screen name is also a user ID.</p>",
				"required": false,
				"name": "screen_name",
				"options": 
				[
					
				]
			},

			{
				"default": "",
				"doc": "<p>Breaks the results into pages. A single page contains 20 lists. Provide a value of -1 to begin paging. Provide values as returned in the response body's next_cursor and previous_cursor attributes to page back and forth in the list.</p>",
				"required": false,
				"name": "cursor",
				"options": 
				[
					
				]
			},

			{
				"default": "",
				"doc": "<p>When set to true, t or 1, will return just lists the authenticating user owns, and the user represented by user_id or screen_name is a member of.</p>",
				"required": false,
				"name": "filter_to_owned_lists",
				"options": 
				[
					
				]
			}
		],

		"doc": "<p>Returns the lists the specified user has been added to. If user_id or screen_name are not provided the memberships for the authenticating user are returned.</p>"
	},

	{
		"path": "lists/subscribers",
		"params": 
		[
			{
				"default": "",
				"doc": "<p>The screen name of the user who owns the list being requested by a slug.</p>",
				"required": false,
				"name": "owner_screen_name",
				"options": 
				[
					
				]
			},

			{
				"default": "",
				"doc": "<p>The user ID of the user who owns the list being requested by a slug.</p>",
				"required": false,
				"name": "owner_id",
				"options": 
				[
					
				]
			},

			{
				"default": "",
				"doc": "<p>Breaks the results into pages. A single page contains 20 lists. Provide a value of -1 to begin paging. Provide values as returned in the response body's next_cursor and previous_cursor attributes to page back and forth in the list.</p>",
				"required": false,
				"name": "cursor",
				"options": 
				[
					
				]
			},

			{
				"default": "",
				"doc": "<p>When set to either true, t or 1, each tweet will include a node called \"entities\". This node offers a variety of metadata about the tweet in a discreet structure, including: user_mentions, urls, and hashtags. While entities are opt-in on timelines at present, they will be made a default component of output in the future. See Tweet Entities for more details.</p>",
				"required": false,
				"name": "include_entities",
				"options": 
				[
					
				]
			},

			{
				"default": "",
				"doc": "<p>When set to either true, t or 1 statuses will not be included in the returned user objects.</p>",
				"required": false,
				"name": "skip_status",
				"options": 
				[
					
				]
			},

			{
				"default": "",
				"doc": "<p style=\"color:#FF333D\";\">The numerical id of the list.</p><b>[Mandatory Parameter]</b>",
				"required": true,
				"name": "list_id",
				"options": 
				[
					
				]
			},

			{
				"default": "",
				"doc": "<p style=\"color:#FF333D\";\">You can identify a list by its slug instead of its numerical id. If you decide to do so, note that you'll also have to specify the list owner using the owner_id or owner_screen_name parameters.</p><b>[Mandatory Parameter]</b>",
				"required": true,
				"name": "slug",
				"options": 
				[
					
				]
			}
		],

		"doc": "<p>Returns the subscribers of the specified list. Private list subscribers will only be shown if the authenticated user owns the specified list.</p>"
	},

	{
		"path": "lists/subscribers/show",
		"params": 
		[
			{
				"default": "",
				"doc": "<p>The screen name of the user who owns the list being requested by a slug.</p>",
				"required": false,
				"name": "owner_screen_name",
				"options": 
				[
					
				]
			},

			{
				"default": "",
				"doc": "<p>The user ID of the user who owns the list being requested by a slug.</p>",
				"required": false,
				"name": "owner_id",
				"options": 
				[
					
				]
			},

			{
				"default": "",
				"doc": "<p>When set to either true, t or 1, each tweet will include a node called \"entities\". This node offers a variety of metadata about the tweet in a discreet structure, including: user_mentions, urls, and hashtags. While entities are opt-in on timelines at present, they will be made a default component of output in the future. See Tweet Entities for more details.</p>",
				"required": false,
				"name": "include_entities",
				"options": 
				[
					
				]
			},

			{
				"default": "",
				"doc": "<p>When set to either true, t or 1 statuses will not be included in the returned user objects.</p>",
				"required": false,
				"name": "skip_status",
				"options": 
				[
					
				]
			},

			{
				"default": "",
				"doc": "<p style=\"color:#FF333D\";\">The numerical id of the list.</p><b>[Mandatory Parameter]</b>",
				"required": true,
				"name": "list_id",
				"options": 
				[
					
				]
			},

			{
				"default": "",
				"doc": "<p style=\"color:#FF333D\";\">You can identify a list by its slug instead of its numerical id. If you decide to do so, note that you'll also have to specify the list owner using the owner_id or owner_screen_name parameters.</p><b>[Mandatory Parameter]</b>",
				"required": true,
				"name": "slug",
				"options": 
				[
					
				]
			},

			{
				"default": "",
				"doc": "<p style=\"color:#FF333D\";\">The ID of the user for whom to return results for. Helpful for disambiguating when a valid user ID is also a valid screen name.</p><b>[Mandatory Parameter]</b>",
				"required": true,
				"name": "user_id",
				"options": 
				[
					
				]
			},

			{
				"default": "",
				"doc": "<p style=\"color:#FF333D\";\">The screen name of the user for whom to return results for. Helpful for disambiguating when a valid screen name is also a user ID.</p><b>[Mandatory Parameter]</b>",
				"required": true,
				"name": "screen_name",
				"options": 
				[
					
				]
			}
		],

		"doc": "<p>Check if the specified user is a subscriber of the specified list. Returns the user if they are subscriber.</p>"
	},

	{
		"path": "lists/members/show",
		"params": 
		[
			{
				"default": "",
				"doc": "<p>The screen name of the user who owns the list being requested by a slug.</p>",
				"required": false,
				"name": "owner_screen_name",
				"options": 
				[
					
				]
			},

			{
				"default": "",
				"doc": "<p>The user ID of the user who owns the list being requested by a slug.</p>",
				"required": false,
				"name": "owner_id",
				"options": 
				[
					
				]
			},

			{
				"default": "",
				"doc": "<p>When set to either true, t or 1, each tweet will include a node called \"entities\". This node offers a variety of metadata about the tweet in a discreet structure, including: user_mentions, urls, and hashtags. While entities are opt-in on timelines at present, they will be made a default component of output in the future.</p>",
				"required": false,
				"name": "include_entities",
				"options": 
				[
					
				]
			},

			{
				"default": "",
				"doc": "<p>When set to either true, t or 1 statuses will not be included in the returned user objects.</p>",
				"required": false,
				"name": "skip_status",
				"options": 
				[
					
				]
			},

			{
				"default": "",
				"doc": "<p style=\"color:#FF333D\";\">The numerical id of the list.</p><b>[Mandatory Parameter]</b>",
				"required": true,
				"name": "list_id",
				"options": 
				[
					
				]
			},

			{
				"default": "",
				"doc": "<p style=\"color:#FF333D\";\">You can identify a list by its slug instead of its numerical id. If you decide to do so, note that you'll also have to specify the list owner using the owner_id or owner_screen_name parameters.</p><b>[Mandatory Parameter]</b>",
				"required": true,
				"name": "slug",
				"options": 
				[
					
				]
			},

			{
				"default": "",
				"doc": "<p style=\"color:#FF333D\";\">The ID of the user for whom to return results for. Helpful for disambiguating when a valid user ID is also a valid screen name.</p><b>[Mandatory Parameter]</b>",
				"required": true,
				"name": "user_id",
				"options": 
				[
					
				]
			},

			{
				"default": "",
				"doc": "<p style=\"color:#FF333D\";\">The screen name of the user for whom to return results for. Helpful for disambiguating when a valid screen name is also a user ID.</p><b>[Mandatory Parameter]</b>",
				"required": true,
				"name": "screen_name",
				"options": 
				[
					
				]
			}
		],

		"doc": "<p>Check if the specified user is a member of the specified list.</p>"
	},

	{
		"path": "lists/members",
		"params": 
		[
			{
				"default": "",
				"doc": "<p>The screen name of the user who owns the list being requested by a slug.</p>",
				"required": false,
				"name": "owner_screen_name",
				"options": 
				[
					
				]
			},

			{
				"default": "",
				"doc": "<p>The user ID of the user who owns the list being requested by a slug.</p>",
				"required": false,
				"name": "owner_id",
				"options": 
				[
					
				]
			},

			{
				"default": "",
				"doc": "<p>The entities node will be disincluded when set to false. Example Values: false</p>",
				"required": false,
				"name": "include_entities",
				"options": 
				[
					
				]
			},

			{
				"default": "",
				"doc": "<p>When set to either true, t or 1 statuses will not be included in the returned user objects.</p>",
				"required": false,
				"name": "skip_status",
				"options": 
				[
					
				]
			},

			{
				"default": "",
				"doc": "<p>Causes the collection of list members to be broken into \"pages\" of somewhat consistent size. If no cursor is provided, a value of -1 will be assumed, which is the first \"page.\" The response from the API will include a previous_cursor and next_cursor to allow paging back and forth. See Using cursors to navigate collections for more information. Example Values: 12893764510938</p>",
				"required": false,
				"name": "cursor",
				"options": 
				[
					
				]
			},

			{
				"default": "",
				"doc": "<p style=\"color:#FF333D\";\">The numerical id of the list.</p><b>[Mandatory Parameter]</b>",
				"required": true,
				"name": "list_id",
				"options": 
				[
					
				]
			},

			{
				"default": "",
				"doc": "<p style=\"color:#FF333D\";\">You can identify a list by its slug instead of its numerical id. If you decide to do so, note that you'll also have to specify the list owner using the owner_id or owner_screen_name parameters.</p><b>[Mandatory Parameter]</b>",
				"required": true,
				"name": "slug",
				"options": 
				[
					
				]
			}
		],

		"doc": "<p>Returns the members of the specified list. Private list members will only be shown if the authenticated user owns the specified list.</p>"
	},

	{
		"path": "lists/show",
		"params": 
		[
			{
				"default": "",
				"doc": "<p>The screen name of the user who owns the list being requested by a slug.</p>",
				"required": false,
				"name": "owner_screen_name",
				"options": 
				[
					
				]
			},

			{
				"default": "",
				"doc": "<p>The user ID of the user who owns the list being requested by a slug.</p>",
				"required": false,
				"name": "owner_id",
				"options": 
				[
					
				]
			},

			{
				"default": "",
				"doc": "<p style=\"color:#FF333D\";\">The numerical id of the list.</p><b>[Mandatory Parameter]</b>",
				"required": true,
				"name": "list_id",
				"options": 
				[
					
				]
			},

			{
				"default": "",
				"doc": "<p style=\"color:#FF333D\";\">You can identify a list by its slug instead of its numerical id. If you decide to do so, note that you'll also have to specify the list owner using the owner_id or owner_screen_name parameters.</p><b>[Mandatory Parameter]</b>",
				"required": true,
				"name": "slug",
				"options": 
				[
					
				]
			}
		],

		"doc": "<p>Returns the specified list. Private lists will only be shown if the authenticated user owns the specified list.</p>"
	},

	{
		"path": "lists/subscriptions",
		"params": 
		[
			{
				"default": "",
				"doc": "<p>The amount of results to return per page. Defaults to 20. Maximum of 1,000 when using cursors.</p>",
				"required": false,
				"name": "count",
				"options": 
				[
					
				]
			},

			{
				"default": "",
				"doc": "<p>Breaks the results into pages. A single page contains 20 lists. Provide a value of -1 to begin paging. Provide values as returned in the response body's next_cursor and previous_cursor attributes to page back and forth in the list. It is recommended to always use cursors when the method supports them.</p>",
				"required": false,
				"name": "cursor",
				"options": 
				[
					
				]
			},

			{
				"default": "",
				"doc": "<p style=\"color:#FF333D\";\">The screen name of the user for whom to return results for. Helpful for disambiguating when a valid screen name is also a user ID.</p><b>[Mandatory Parameter]</b>",
				"required": true,
				"name": "screen_name",
				"options": 
				[
					
				]
			},

			{
				"default": "",
				"doc": "<p style=\"color:#FF333D\";\">The ID of the user for whom to return results for. Helpful for disambiguating when a valid user ID is also a valid screen name.</p><b>[Mandatory Parameter]</b>",
				"required": true,
				"name": "user_id",
				"options": 
				[
					
				]
			}
		],

		"doc": "<p>Obtain a collection of the lists the specified user is subscribed to, 20 lists per page by default. Does not include the user's own lists.</p>"
	}
]